,City,Lat,Lng,Max Temp,Humidity,Cloudiness,Wind Speed,Country,Date
0,atbasar,51.8,68.3333,33.12,54,7,7.87,KZ,1650850018
1,ponta do sol,32.6667,-17.1,65.01,87,100,10.87,PT,1650850269
2,kaitangata,-46.2817,169.8464,57.72,65,56,19.62,NZ,1650850269
3,hilo,19.7297,-155.09,83.28,84,100,3.0,US,1650850270
4,barrow,71.2906,-156.7887,19.42,73,75,10.36,US,1650850272
5,jiamusi,46.8333,130.35,57.6,31,100,6.24,CN,1650849975
6,bluff,-46.6,168.3333,54.81,80,95,28.9,NZ,1650850273
7,phulabani,20.4667,84.2333,92.64,23,0,2.37,IN,1650850274
8,norman wells,65.282,-126.8329,46.44,49,20,12.66,CA,1650850275
9,aksarka,66.5606,67.7975,12.2,97,100,3.56,RU,1650850275
10,qaanaaq,77.484,-69.3632,-0.08,65,54,7.18,GL,1650850276
11,hobart,-42.8794,147.3294,58.26,86,75,5.75,AU,1650850189
12,belaya kholunitsa,58.84,50.8528,33.28,96,36,3.31,RU,1650850277
13,la rochelle,46.1667,-1.15,55.47,88,100,10.36,FR,1650850278
14,cape town,-33.9258,18.4232,57.9,77,75,8.01,ZA,1650850279
15,nikolskoye,59.7035,30.7861,44.87,97,100,5.57,RU,1650850280
16,calabozo,8.9242,-67.4293,90.27,37,86,1.32,VE,1650850006
17,evanston,42.0411,-87.6901,65.08,59,75,11.5,US,1650850281
18,xining,36.6167,101.7667,55.99,43,29,2.15,CN,1650850282
19,rikitea,-23.1203,-134.9692,73.26,84,100,12.66,PF,1650850283
20,hokitika,-42.7167,170.9667,59.36,64,0,3.71,NZ,1650850283
21,bilibino,68.0546,166.4372,22.42,75,100,4.32,RU,1650850284
22,verkhnevilyuysk,63.4453,120.3167,28.54,81,99,4.09,RU,1650850285
23,san patricio,28.017,-97.5169,78.89,90,17,15.48,US,1650850286
24,bethel,41.3712,-73.414,50.09,62,0,4.61,US,1650850287
25,northam,51.0333,-4.2167,49.6,70,12,12.37,GB,1650850288
26,vanimo,-2.6741,141.3028,84.85,69,100,4.94,PG,1650850288
27,atuona,-9.8,-139.0333,79.03,76,24,17.38,PF,1650850289
28,saint-francois,46.4154,3.9054,51.67,93,100,8.05,FR,1650850290
29,bluefield,37.2698,-81.2223,72.16,35,0,4.61,US,1650850290
30,touros,-5.1989,-35.4608,75.87,91,100,8.46,BR,1650850291
31,buala,-8.145,159.5921,86.27,68,86,6.42,SB,1650850292
32,arraial do cabo,-22.9661,-42.0278,74.93,75,100,10.6,BR,1650850292
33,nemuro,43.3236,145.575,45.07,59,100,18.25,JP,1650850293
34,east london,-33.0153,27.9116,61.34,73,70,15.88,ZA,1650850294
35,atar,20.5169,-13.0499,75.0,33,0,7.61,MR,1650850294
36,ayan,56.45,138.1667,32.02,78,100,5.91,RU,1650850295
37,mandalgovi,45.7625,106.2708,34.39,52,12,30.2,MN,1650850061
38,henties bay,-22.116,14.2845,58.69,83,0,8.08,NA,1650850296
39,ilhabela,-23.7781,-45.3581,73.15,86,82,9.6,BR,1650849999
40,presidencia roque saenz pena,-26.7852,-60.4388,82.31,56,65,10.09,AR,1650850298
41,kodiak,57.79,-152.4072,53.11,54,75,8.05,US,1650850298
42,ushuaia,-54.8,-68.3,37.06,81,0,6.91,AR,1650850299
43,busselton,-33.65,115.3333,69.84,49,100,10.71,AU,1650850217
44,port hardy,50.6996,-127.4199,46.58,93,75,8.05,CA,1650850302
45,longyearbyen,78.2186,15.6401,8.44,61,75,13.8,SJ,1650850064
46,apricena,41.7839,15.4437,53.42,82,6,7.78,IT,1650850303
47,mount gambier,-37.8333,140.7667,64.31,63,99,6.91,AU,1650850304
48,sanming,26.2486,117.6186,84.58,66,40,4.43,CN,1650850304
49,avera,33.194,-82.5271,68.56,67,70,5.06,US,1650850305
50,chara,56.9064,118.2631,27.77,47,28,3.78,RU,1650850306
51,clyde river,70.4692,-68.5914,8.83,92,100,3.44,CA,1650850306
52,hami,42.8,93.45,62.15,30,14,19.69,CN,1650850307
53,caravelas,-17.7125,-39.2481,75.56,93,0,4.29,BR,1650850308
54,kungurtug,50.5994,97.5228,21.11,47,76,7.09,RU,1650850309
55,tautira,-17.7333,-149.15,81.23,69,17,7.47,PF,1650850309
56,new norfolk,-42.7826,147.0587,56.91,78,100,1.81,AU,1650850310
57,kolchugino,56.3,39.3833,46.26,98,100,5.41,RU,1650850310
58,atasu,48.6814,71.6433,33.57,92,100,13.24,KZ,1650850311
59,marshall,34.3834,-86.3333,74.91,61,0,3.44,US,1650850312
60,puerto ayora,-0.7393,-90.3518,72.18,90,72,7.0,EC,1650850312
61,jamestown,42.097,-79.2353,73.04,40,0,5.75,US,1650850313
62,nouadhibou,20.931,-17.0347,64.38,82,0,11.5,MR,1650850314
63,punta arenas,-53.15,-70.9167,41.11,93,100,6.91,CL,1650850315
64,balkhash,46.844,74.9804,36.21,87,40,20.13,KZ,1650850315
65,dingle,10.9995,122.6711,86.38,69,97,11.9,PH,1650850316
66,luderitz,-26.6481,15.1594,54.23,61,0,14.45,NA,1650850220
67,tiksi,71.6872,128.8694,4.71,95,93,3.53,RU,1650850104
68,lidkoping,58.5052,13.1577,39.22,74,0,3.62,SE,1650850318
69,sioux lookout,50.1001,-91.917,32.07,100,100,9.22,CA,1650850319
70,narsaq,60.9167,-46.05,41.22,90,100,3.0,GL,1650850319
71,georgetown,5.4112,100.3354,85.93,86,20,4.61,MY,1650850036
72,mataura,-46.1927,168.8643,54.48,74,88,13.62,NZ,1650850321
73,berdigestyakh,62.0989,126.6992,27.28,73,75,5.35,RU,1650850321
74,dikson,73.5069,80.5464,10.04,92,100,17.76,RU,1650850322
75,yellowknife,62.456,-114.3525,36.12,55,20,15.01,CA,1650850323
76,port elizabeth,-33.918,25.5701,57.31,71,100,8.01,ZA,1650850324
77,albany,42.6001,-73.9662,57.43,47,52,4.0,US,1650850325
78,chase,50.8165,-119.6857,70.68,61,96,4.18,CA,1650850325
79,vestmannaeyjar,63.4427,-20.2734,45.0,80,4,7.54,IS,1650850326
80,qaqortoq,60.7167,-46.0333,34.95,91,100,4.34,GL,1650850327
81,hermanus,-34.4187,19.2345,58.86,71,97,3.02,ZA,1650850328
82,cap malheureux,-19.9842,57.6142,75.47,71,84,8.99,MU,1650850329
83,grindavik,63.8424,-22.4338,44.55,93,100,10.36,IS,1650850329
84,kaeo,-35.1,173.7833,66.96,64,99,8.81,NZ,1650850330
85,bonavista,48.6499,-53.1147,36.14,93,100,18.66,CA,1650850331
86,kalabo,-14.97,22.6814,65.44,77,38,4.23,ZM,1650850331
87,chuy,-33.6971,-53.4616,64.53,63,0,13.27,UY,1650850332
88,imeni poliny osipenko,52.4201,136.4853,30.58,90,50,5.03,RU,1650850333
89,obo,5.3998,26.4869,68.14,98,100,3.06,CF,1650850334
90,mar del plata,-38.0023,-57.5575,64.87,69,0,11.5,AR,1650850335
91,bucerias,20.75,-105.3333,76.98,73,0,8.05,MX,1650850336
92,ilulissat,69.2167,-51.1,26.62,93,100,4.61,GL,1650850337
93,talnakh,69.4865,88.3972,-0.8,97,90,5.1,RU,1650850064
94,khatanga,71.9667,102.5,3.52,93,87,5.68,RU,1650850339
95,lyubim,58.3625,40.6843,42.94,90,100,8.16,RU,1650850339
96,camacha,33.0833,-16.3333,60.22,88,75,9.22,PT,1650850340
97,vila franca do campo,37.7167,-25.4333,57.61,81,34,11.27,PT,1650850341
98,bemidji,47.4736,-94.8803,34.05,99,100,14.97,US,1650850341
99,torbay,47.6666,-52.7314,37.27,96,100,16.11,CA,1650850342
100,padang,-0.9492,100.3543,75.25,80,100,2.57,ID,1650850143
101,airai,-8.9266,125.4092,74.91,35,100,3.04,TL,1650850344
102,sitka,57.0531,-135.33,46.29,76,100,0.0,US,1650850345
103,lebu,-37.6167,-73.65,50.95,77,12,4.97,CL,1650850345
104,kutoarjo,-7.7169,109.9128,84.33,74,97,2.01,ID,1650850346
105,gat,31.61,34.7642,72.39,100,38,1.25,IL,1650850347
106,manono,-7.3,27.4167,69.06,99,100,2.91,CD,1650850348
107,santa lucia,27.9117,-15.5407,53.76,72,20,4.61,ES,1650850348
108,bredasdorp,-34.5322,20.0403,56.79,72,85,4.38,ZA,1650850349
109,carnarvon,-24.8667,113.6333,75.27,78,63,5.75,AU,1650850350
110,ramnagar,29.4,79.1167,81.95,17,0,4.25,IN,1650850351
111,faya,18.3851,42.4509,60.91,51,4,1.01,SA,1650850351
112,roald,62.5833,6.1333,45.75,81,20,13.8,NO,1650850352
113,chapais,49.7834,-74.8492,38.98,85,100,13.91,CA,1650850353
114,nieuw amsterdam,5.8833,-55.0833,80.02,89,100,7.9,SR,1650850353
115,san antonio,29.4241,-98.4936,81.9,62,75,17.27,US,1650850354
116,victoria,22.2855,114.1577,84.96,81,7,5.99,HK,1650850222
117,north bend,43.4065,-124.2243,59.92,91,0,13.8,US,1650850355
118,tambopata,-12.7333,-69.1833,77.88,84,100,0.47,PE,1650850356
119,hithadhoo,-0.6,73.0833,83.95,74,100,7.54,MV,1650850357
120,tasiilaq,65.6145,-37.6368,30.36,65,58,3.22,GL,1650850357
121,saint-philippe,-21.3585,55.7679,74.79,76,92,13.49,RE,1650850358
122,port lincoln,-34.7333,135.8667,67.23,69,84,15.64,AU,1650850356
123,baruun-urt,46.6806,113.2792,48.81,34,100,2.95,MN,1650850359
124,ewa beach,21.3156,-158.0072,84.15,50,40,20.71,US,1650850360
125,chokurdakh,70.6333,147.9167,9.97,90,27,4.47,RU,1650850233
126,kangaba,11.9333,-8.4167,87.64,14,80,4.34,ML,1650850361
127,pisco,-13.7,-76.2167,69.03,77,0,6.91,PE,1650850362
128,mantes-la-ville,48.9737,1.7025,54.77,79,88,5.64,FR,1650850362
129,olafsvik,64.8945,-23.7142,44.98,73,75,6.64,IS,1650850363
130,cabedelo,-6.9811,-34.8339,77.67,84,12,8.88,BR,1650850364
131,shasta lake,40.6804,-122.3708,77.81,23,11,2.91,US,1650850365
132,butaritari,3.0707,172.7902,81.55,77,57,12.12,KI,1650850365
133,adrian,41.8975,-84.0372,69.42,90,100,5.75,US,1650850366
134,plymouth,41.8334,-70.8328,48.02,50,75,4.61,US,1650850367
135,korla,41.7597,86.1469,69.71,24,86,10.22,CN,1650850368
136,makakilo city,21.3469,-158.0858,82.72,50,40,20.71,US,1650850369
137,iskateley,67.6803,53.1512,28.17,97,100,8.48,RU,1650850369
138,ribeira grande,38.5167,-28.7,58.71,75,16,14.67,PT,1650850370
139,lompoc,34.6391,-120.4579,76.78,76,0,17.0,US,1650850371
140,lashio,22.9333,97.75,84.88,34,0,1.88,MM,1650850371
141,chimbote,-9.0853,-78.5783,66.42,89,79,6.96,PE,1650850372
142,bukene,-4.2333,32.8833,63.34,96,100,3.44,TZ,1650850373
143,cherskiy,68.75,161.3,25.29,76,100,7.74,RU,1650850220
144,hasaki,35.7333,140.8333,73.29,71,40,5.57,JP,1650850300
145,castro,-24.7911,-50.0119,58.96,95,2,4.85,BR,1650850375
146,lujan,-34.5703,-59.105,70.05,75,100,11.12,AR,1650850376
147,progreso,21.2833,-89.6667,82.11,71,3,18.7,MX,1650850376
148,mehamn,71.0357,27.8492,32.32,88,100,3.98,NO,1650850377
149,buraydah,26.326,43.975,66.65,64,56,15.26,SA,1650850378
150,vardo,70.3705,31.1107,34.43,91,100,5.57,NO,1650850378
151,marawi,7.9986,124.2928,80.96,66,77,3.38,PH,1650850380
152,ust-nera,64.5667,143.2,20.71,85,100,4.68,RU,1650850199
153,peleduy,59.6289,112.7406,33.84,75,100,5.61,RU,1650850381
154,iqaluit,63.7506,-68.5145,22.73,79,75,17.27,CA,1650850382
155,namatanai,-3.6667,152.4333,85.8,65,67,3.71,PG,1650850383
156,beringovskiy,63.05,179.3167,29.44,75,100,12.06,RU,1650850383
157,presidente medici,-11.1753,-61.9014,73.76,96,100,3.62,BR,1650850384
158,pavilosta,56.8879,21.1859,44.51,91,100,10.51,LV,1650850385
159,karaton,-6.3424,106.1045,84.51,67,62,5.77,ID,1650850386
160,champerico,14.3,-91.9167,83.7,67,5,5.01,GT,1650850387
161,jacareacanga,-6.2222,-57.7528,73.83,98,13,2.51,BR,1650850388
162,kilcock,53.4022,-6.6708,46.71,81,20,9.22,IE,1650850388
163,schwaz,47.3391,11.7336,44.51,78,100,2.82,AT,1650850389
164,kangaatsiaq,68.3065,-53.4641,14.34,96,21,1.77,GL,1650850390
165,maniitsoq,65.4167,-52.9,26.29,89,100,6.55,GL,1650850390
166,envira,-7.3,-70.2167,75.56,93,99,1.14,BR,1650850391
167,poum,-20.2333,164.0167,77.88,69,72,14.72,NC,1650850392
168,concepcion del oro,24.6333,-101.4167,71.51,28,7,7.2,MX,1650850392
169,mahebourg,-20.4081,57.7,75.49,73,40,11.5,MU,1650850393
170,kununurra,-15.7667,128.7333,87.78,42,40,4.61,AU,1650850394
171,port blair,11.6667,92.75,85.39,61,69,3.69,IN,1650850394
172,vaini,-21.2,-175.2,78.96,83,75,5.75,TO,1650850395
173,ostrovnoy,68.0531,39.5131,33.35,93,100,8.95,RU,1650850396
174,sinnamary,5.3833,-52.95,78.06,90,80,8.88,GF,1650850396
175,kruisfontein,-34.0033,24.7314,52.88,77,100,5.84,ZA,1650850397
176,bani,18.2833,-70.3333,76.44,76,17,12.53,DO,1650850398
177,tuatapere,-46.1333,167.6833,56.79,73,66,16.6,NZ,1650850398
178,flin flon,54.7682,-101.865,25.21,62,26,10.2,CA,1650850399
179,coquimbo,-29.9533,-71.3436,56.93,94,100,1.14,CL,1650850400
180,namibe,-15.1961,12.1522,69.33,84,0,5.14,AO,1650850400
181,nanortalik,60.1432,-45.2371,36.91,90,100,6.13,GL,1650850401
182,port alfred,-33.5906,26.891,57.18,74,99,5.01,ZA,1650850402
183,thompson,55.7435,-97.8558,17.76,45,20,17.27,CA,1650850403
184,angoche,-16.2325,39.9086,73.8,94,100,7.11,MZ,1650850403
185,pudozh,61.8099,36.5345,27.64,94,51,5.61,RU,1650850404
186,murgab,37.4966,61.9714,62.47,63,0,9.22,TM,1650850405
187,wakefield,53.6809,-1.499,45.63,88,38,6.04,GB,1650850405
188,moengo,5.6167,-54.4,75.47,97,100,2.82,SR,1650850406
189,derzhavinsk,51.1,66.3167,37.69,52,6,8.79,KZ,1650850407
190,whyalla,-33.0333,137.5833,66.09,88,93,0.0,AU,1650850408
191,mount isa,-20.7333,139.5,69.57,100,100,6.91,AU,1650850409
192,cabo san lucas,22.8909,-109.9124,76.6,60,0,11.5,MX,1650850410
193,natal,-5.795,-35.2094,77.65,94,20,4.61,BR,1650850411
194,maningrida,-12.0667,134.2667,90.0,55,33,1.72,AU,1650850412
195,kloulklubed,7.0419,134.2556,81.1,74,59,9.93,PW,1650850414
196,hartland,43.105,-88.342,60.31,57,0,12.66,US,1650850414
197,lagoa,39.05,-27.9833,57.79,74,0,18.21,PT,1650850415
198,vostok,46.4856,135.8833,49.17,27,94,9.04,RU,1650850416
199,eureka,40.8021,-124.1637,59.18,74,28,1.99,US,1650850416
200,hofn,64.2539,-15.2082,41.09,88,99,4.56,IS,1650850417
201,tazovskiy,67.4667,78.7,-0.06,96,61,4.72,RU,1650850418
202,daoukro,7.0591,-3.9631,71.02,96,100,2.68,CI,1650850418
203,zyryanka,65.75,150.85,23.2,92,100,15.95,RU,1650850420
204,lulea,65.5842,22.1547,28.47,93,100,1.14,SE,1650850421
205,port augusta,-32.5,137.7667,73.51,49,100,12.66,AU,1650850422
206,marzuq,14.4,46.4667,67.57,53,10,5.7,YE,1650850422
207,constantine,36.365,6.6147,47.61,87,0,4.61,DZ,1650850423
208,auki,-8.7676,160.7034,87.17,61,51,4.23,SB,1650850424
209,tuktoyaktuk,69.4541,-133.0374,26.6,80,0,5.75,CA,1650850424
210,lagos,6.5833,3.75,75.52,80,100,2.55,NG,1650850425
211,skegness,53.1436,0.3363,47.34,86,13,15.43,GB,1650850426
212,salalah,17.0151,54.0924,79.23,78,29,5.1,OM,1650850426
213,bambous virieux,-20.3428,57.7575,75.45,73,40,11.5,MU,1650850427
214,severo-kurilsk,50.6789,156.125,34.07,92,89,3.78,RU,1650850427
215,faanui,-16.4833,-151.75,81.23,72,28,7.2,PF,1650850428
216,keuruu,62.2667,24.7,26.78,93,12,2.62,FI,1650850429
217,beckley,37.7782,-81.1882,73.81,33,0,6.91,US,1650850153
218,saint-pierre,-21.3393,55.4781,74.88,72,75,18.41,RE,1650850430
219,avarua,-21.2078,-159.775,82.45,78,20,6.91,CK,1650850430
220,kahului,20.8947,-156.47,82.42,67,75,21.85,US,1650850432
221,saint george,37.1041,-113.5841,70.39,13,0,16.11,US,1650850433
222,puerto el triunfo,13.2833,-88.55,81.48,72,0,5.46,SV,1650850433
223,vadso,70.0744,29.7487,34.68,80,75,6.91,NO,1650850434
224,lichuan,30.3,108.85,63.0,85,100,3.91,CN,1650850436
225,wasilla,61.5814,-149.4394,54.95,44,20,8.05,US,1650850436
226,hukuntsi,-24.0,21.75,61.16,35,100,12.3,BW,1650850437
227,sao joao da barra,-21.6403,-41.0511,74.62,81,99,10.98,BR,1650850437
228,constitucion,-35.3333,-72.4167,54.57,90,94,3.65,CL,1650850439
229,tanout,14.9709,8.8879,83.28,15,16,4.99,NE,1650850439
230,farah,32.5,62.5,67.21,31,3,4.85,AF,1650850440
231,upernavik,72.7868,-56.1549,-0.63,91,41,6.42,GL,1650850441
232,mitsamiouli,-11.3847,43.2844,80.47,82,100,11.23,KM,1650850443
233,alofi,-19.0595,-169.9187,82.29,74,83,8.05,NU,1650850443
234,luau,-10.7073,22.2247,63.1,94,24,3.27,AO,1650850444
235,pangody,65.85,74.4859,13.46,94,86,3.94,RU,1650850445
236,el dorado,38.7666,-120.5177,67.42,40,2,1.99,US,1650850445
237,kurtamysh,54.9103,64.4319,42.94,45,99,7.67,RU,1650850446
238,rosarito,32.3333,-117.0333,81.41,38,0,8.88,MX,1650850447
239,cedar city,37.6775,-113.0619,52.77,19,0,16.11,US,1650850227
240,bossier city,32.516,-93.7321,82.4,57,0,11.5,US,1650850448
241,tual,-5.6667,132.75,83.79,66,34,1.36,ID,1650850448
242,kushmurun,52.4503,64.6311,42.75,40,15,3.49,KZ,1650850449
243,grandview,38.8858,-94.533,61.95,53,0,9.22,US,1650850450
244,srednekolymsk,67.45,153.6833,22.1,84,100,16.24,RU,1650850450
245,laguna,38.421,-121.4238,81.75,19,0,9.22,US,1650850451
246,esperance,-33.8667,121.9,66.04,59,81,10.04,AU,1650850236
247,awjilah,29.1081,21.2869,67.87,46,3,9.57,LY,1650850452
248,forbes,-33.3833,148.0167,70.92,40,99,7.27,AU,1650850453
249,sarana,56.4773,57.7259,45.59,82,100,7.94,RU,1650850453
250,kapaa,22.0752,-159.319,82.38,75,75,14.97,US,1650850454
251,saint anthony,45.0205,-93.218,43.25,70,100,21.85,US,1650850455
252,bafq,31.6128,55.4107,72.86,18,36,7.56,IR,1650850456
253,saskylakh,71.9167,114.0833,10.02,93,89,2.24,RU,1650850456
254,cockburn town,21.4612,-71.1419,77.58,72,99,21.85,TC,1650850457
255,kainantu,-6.2887,145.8655,76.35,50,14,5.23,PG,1650850458
256,necochea,-38.5473,-58.7368,67.37,44,100,19.66,AR,1650850458
257,broome,42.2506,-75.833,70.57,45,20,9.22,US,1650850459
258,czestochowa,50.7965,19.1241,47.52,93,77,5.77,PL,1650850460
259,margate,51.3813,1.3862,48.31,85,0,8.01,GB,1650850461
260,mokhsogollokh,61.4681,128.9203,31.86,64,96,5.64,RU,1650850462
261,upata,8.0086,-62.3989,77.11,74,100,5.79,VE,1650850463
262,esna,25.2934,32.554,73.42,21,0,9.19,EG,1650850464
263,krugersdorp,-26.0858,27.7752,59.63,82,11,2.15,ZA,1650850465
264,diapaga,12.0708,1.7889,87.91,11,100,4.72,BF,1650850466
265,deputatskiy,69.3,139.9,12.15,87,100,4.05,RU,1650850467
266,saldanha,-33.0117,17.9442,48.25,78,0,12.97,ZA,1650850468
267,byron bay,-28.65,153.6167,73.29,58,100,12.1,AU,1650850469
268,hamilton,39.1834,-84.5333,77.09,55,0,8.05,US,1650850470
269,borovskoy,53.8,64.15,42.8,41,78,6.44,KZ,1650850472
270,half moon bay,37.4636,-122.4286,71.55,77,0,21.85,US,1650850474
271,cavalcante,-13.7975,-47.4583,71.11,62,55,2.82,BR,1650850476
272,shar,49.5886,81.0453,36.9,52,98,4.29,KZ,1650850477
273,aswan,24.0934,32.907,78.1,10,0,5.75,EG,1650850479
274,manaia,-39.55,174.1333,65.57,65,96,7.74,NZ,1650850480
275,timmins,48.4669,-81.3331,51.62,100,100,9.22,CA,1650850481
276,campos belos,-13.0367,-46.7717,72.43,60,93,2.93,BR,1650850482
277,nancha,47.1333,129.2667,60.03,28,100,4.72,CN,1650850483
278,okhotsk,59.3833,143.3,32.7,83,22,11.59,RU,1650850484
279,bhag,29.0415,67.8239,89.44,14,2,6.44,PK,1650850485
280,umm lajj,25.0213,37.2685,75.06,49,1,5.35,SA,1650850486
281,fortuna,40.5982,-124.1573,58.91,73,0,11.5,US,1650850487
282,hope,33.6671,-93.5916,80.65,72,58,5.03,US,1650850488
283,san juan,-31.5375,-68.5364,75.29,14,0,11.56,AR,1650850489
284,kohima,25.6667,94.1167,75.0,46,1,1.74,IN,1650850491
285,humberto de campos,-2.5983,-43.4611,74.52,92,75,3.2,BR,1650850491
286,ambon,-3.6954,128.1814,95.14,55,40,62.14,ID,1650850493
287,neiafu,-18.65,-173.9833,84.88,74,40,8.05,TO,1650850494
288,aquiraz,-3.9014,-38.3911,78.19,88,100,10.13,BR,1650850495
289,aklavik,68.2191,-135.0107,33.1,88,100,5.41,CA,1650850496
290,emba,48.8264,58.1442,39.81,52,3,7.38,KZ,1650850497
291,bandundu,-3.3167,17.3667,70.56,94,100,1.9,CD,1650850498
292,van,38.4924,43.3831,52.95,50,75,5.75,TR,1650850401
293,nelson bay,-32.7167,152.15,69.01,80,100,3.56,AU,1650850499
294,englehart,47.8169,-79.8664,52.36,66,100,18.41,CA,1650850500
295,port-gentil,-0.7193,8.7815,76.96,94,20,0.0,GA,1650850500
296,bara,10.3744,10.7288,83.07,58,47,12.53,NG,1650850501
297,machaneng,-23.1862,27.4886,68.14,63,60,3.02,BW,1650850502
298,bangangte,5.1409,10.5198,63.1,93,100,1.16,CM,1650850502
299,kashary,49.04,41.0056,49.86,90,0,3.78,RU,1650850503
300,lapithos,35.3375,33.1792,62.89,65,0,9.13,CY,1650850505
301,kismayo,-0.3582,42.5454,82.31,77,89,11.77,SO,1650850505
302,yamada,39.4667,141.95,63.64,59,3,3.65,JP,1650850506
303,hualmay,-11.0964,-77.6139,67.26,86,65,9.57,PE,1650850507
304,deyang,31.1302,104.382,71.22,61,100,1.23,CN,1650850388
305,fort nelson,58.8053,-122.7002,56.79,33,75,8.05,CA,1650850508
306,cabra,37.4725,-4.4421,50.68,72,21,2.33,ES,1650850508
307,gorzow wielkopolski,52.7368,15.2288,47.39,67,97,3.0,PL,1650850509
308,acarau,-2.8856,-40.12,77.16,87,100,6.51,BR,1650850511
309,chalon-sur-saone,46.7833,4.85,52.21,96,100,10.69,FR,1650850373
310,dudinka,69.4058,86.1778,-0.38,99,99,4.03,RU,1650850512
311,garowe,8.4054,48.4845,73.38,85,17,9.6,SO,1650850513
312,hirara,24.8,125.2833,82.26,83,20,16.11,JP,1650850510
313,horadiz,39.4488,47.3353,56.17,75,100,2.51,AZ,1650850514
314,souillac,-20.5167,57.5167,75.58,73,40,11.5,MU,1650850516
315,port hedland,-20.3167,118.5667,87.85,35,88,8.05,AU,1650850516
316,tongren,27.7172,109.1853,73.31,92,100,3.27,CN,1650850475
317,jodhpur,26.2867,73.03,82.0,36,0,9.82,IN,1650850519
318,jitra,6.2681,100.4217,80.49,94,20,2.3,MY,1650850519
319,iralaya,15.0,-83.2333,78.03,83,11,10.36,HN,1650850520
320,lethem,3.3803,-59.7968,79.79,74,98,6.04,GY,1650850520
321,aleksandrov gay,50.147,48.5704,51.35,74,100,6.85,RU,1650850521
322,diffa,13.3154,12.6113,87.94,14,96,7.61,NE,1650850522
323,zaysan,47.4667,84.8667,38.23,36,100,2.48,KZ,1650850522
324,cidreira,-30.1811,-50.2056,68.49,88,0,20.04,BR,1650850523
325,port shepstone,-30.7414,30.455,63.03,89,100,10.36,ZA,1650850524
326,praia da vitoria,38.7333,-27.0667,57.45,82,20,17.67,PT,1650850524
327,la poza,20.1167,-96.9667,77.83,81,0,7.78,MX,1650850525
328,yar-sale,66.8333,70.8333,5.77,94,46,4.25,RU,1650850526
329,biak,-0.9131,122.8766,84.29,68,7,1.68,ID,1650850526
330,sampit,-2.5333,112.95,83.77,83,94,2.57,ID,1650850527
331,pevek,69.7008,170.3133,14.36,89,84,0.98,RU,1650850528
332,kailua,21.4022,-157.7394,84.18,71,75,12.66,US,1650850357
333,kapiri mposhi,-13.9652,28.6809,59.72,92,70,3.74,ZM,1650850529
334,guerrero negro,27.9769,-114.0611,65.66,60,0,17.94,MX,1650850530
335,pangnirtung,66.1451,-65.7125,21.33,92,100,5.5,CA,1650850530
336,redcar,54.6166,-1.06,44.53,55,33,4.0,GB,1650850531
337,ketchikan,55.3422,-131.6461,46.38,87,100,5.75,US,1650850532
338,raudeberg,61.9875,5.1352,42.87,87,80,20.67,NO,1650850532
339,kalmunai,7.4167,81.8167,81.95,79,48,3.44,LK,1650850533
340,jeremie,18.65,-74.1167,77.16,76,99,2.77,HT,1650850534
341,ancud,-41.8697,-73.8203,44.22,72,82,20.27,CL,1650850535
342,portland,45.5234,-122.6762,69.84,45,75,6.91,US,1650850536
343,katsuura,35.1333,140.3,69.6,70,25,2.93,JP,1650850341
344,verkhovazhye,60.7472,42.0465,28.87,95,75,4.68,RU,1650850537
345,longford,53.7333,-7.8,39.24,96,6,6.64,IE,1650850538
346,vao,-22.6667,167.4833,74.17,65,100,24.32,NC,1650850538
347,srivardhan,18.0333,73.0167,83.8,61,11,6.11,IN,1650850539
348,ulaangom,49.9811,92.0667,33.93,30,0,5.3,MN,1650850540
349,rawson,-43.3002,-65.1023,56.89,33,0,31.47,AR,1650850540
350,teguldet,57.3064,88.1667,33.44,89,100,6.4,RU,1650850541
351,zarya,55.7553,38.0958,48.58,98,100,4.76,RU,1650850542
352,kudahuvadhoo,2.6708,72.8944,84.4,68,62,6.31,MV,1650850542
353,konstantinovka,49.6167,127.9833,49.69,45,95,7.09,RU,1650850543
354,codrington,-38.2667,141.9667,67.75,44,95,4.07,AU,1650850544
355,novikovo,51.1537,37.8879,46.72,95,4,5.55,RU,1650850544
356,salta,-24.7859,-65.4117,60.58,91,40,2.3,AR,1650850545
357,banjar,-8.19,114.9675,87.44,61,82,1.52,ID,1650850546
358,port moresby,-9.4431,147.1797,89.02,58,40,5.75,PG,1650850546
359,kommunisticheskiy,61.6789,64.4819,34.9,95,74,2.64,RU,1650850547
360,ustyuzhna,58.8394,36.4321,43.27,97,100,7.11,RU,1650850548
361,zheshart,62.0731,49.5733,33.58,96,100,4.07,RU,1650850549
362,los llanos de aridane,28.6585,-17.9182,62.35,78,100,10.36,ES,1650850446
363,tangshan,39.6333,118.1833,70.63,54,100,7.81,CN,1650850551
364,yulara,-25.2406,130.9889,67.84,64,100,5.75,AU,1650850551
365,erzin,36.9559,36.2,66.92,52,3,2.98,TR,1650850552
366,magadan,59.5667,150.8,32.7,67,50,5.59,RU,1650850553
367,katobu,-4.9408,122.5276,87.22,58,67,6.44,ID,1650850553
368,seoul,37.5683,126.9778,65.8,80,75,5.75,KR,1650850448
369,bolshoye selo,57.7177,38.9334,46.51,99,100,4.23,RU,1650850555
370,bartow,27.8964,-81.8431,75.29,80,9,1.01,US,1650850555
371,heishan,41.6892,122.1128,69.84,54,100,15.66,CN,1650850556
372,quzhou,28.9594,118.8686,81.68,73,85,1.7,CN,1650850557
373,matagami,49.7502,-77.6328,42.91,56,100,17.27,CA,1650850557
374,varhaug,58.6147,5.6457,42.89,71,20,4.76,NO,1650850559
375,arenapolis,-14.4503,-56.8461,75.13,79,19,3.11,BR,1650850560
376,molina,-35.1167,-71.2833,59.38,100,75,2.3,CL,1650850561
377,tiarei,-17.5333,-149.3333,86.02,71,41,7.87,PF,1650850562
378,pirmasens,49.2015,7.6053,48.76,95,50,0.72,DE,1650850562
379,motygino,58.1831,94.7592,32.04,84,99,8.75,RU,1650850563
380,dogondoutchi,13.6393,4.0287,83.71,12,100,5.3,NE,1650850564
381,quelimane,-17.8786,36.8883,75.15,94,75,5.75,MZ,1650850564
382,sukabumi,-6.9181,106.9267,80.53,72,57,3.15,ID,1650850567
383,manuk mangkaw,4.8,119.85,82.94,76,23,4.56,PH,1650850568
384,radcliff,37.8404,-85.9491,78.04,57,0,6.91,US,1650850568
385,cap-aux-meules,47.3821,-61.8597,35.65,93,100,25.32,CA,1650850570
386,udachnyy,66.4167,112.4,18.27,80,52,3.76,RU,1650850571
387,ust-tsilma,65.441,52.1498,31.35,89,100,5.12,RU,1650850572
388,sisimiut,66.9395,-53.6735,23.77,92,72,1.14,GL,1650850572
389,ahipara,-35.1667,173.1667,64.6,73,99,11.18,NZ,1650850573
390,abu kamal,34.4506,40.9171,66.72,45,13,7.14,SY,1650850574
391,nkpor,6.1516,6.8446,73.24,87,97,2.8,NG,1650850575
392,zelenoborsk,61.4669,64.0333,34.61,95,71,2.46,RU,1650850576
393,flinders,-34.5833,150.8552,65.17,91,100,11.01,AU,1650850577
394,pochutla,15.7432,-96.4661,81.82,67,21,4.56,MX,1650850577
395,sobolevo,54.4299,31.8996,45.05,85,99,9.93,RU,1650850578
396,bud,39.447,-86.1758,73.42,65,100,12.41,US,1650850579
397,norwalk,33.9022,-118.0817,85.33,24,0,19.57,US,1650850579
398,alekseyevka,50.6309,38.6903,48.56,94,5,5.82,RU,1650850580
399,lorengau,-2.0226,147.2712,85.3,65,84,8.46,PG,1650850581
400,kanye,-24.9667,25.3327,56.79,62,50,6.42,BW,1650850582
401,teahupoo,-17.8333,-149.2667,80.56,69,15,6.29,PF,1650850582
402,gasa,31.5,34.4667,60.87,86,4,2.42,PS,1650850583
403,adrar,20.5022,-10.0711,70.66,36,0,9.28,MR,1650850584
404,kusa,55.3383,59.4406,42.82,71,100,4.43,RU,1650850584
405,filadelfia,39.9523,-75.1638,59.11,75,0,13.8,US,1650850585
406,stuttgart,48.7823,9.177,49.64,89,75,9.22,DE,1650850586
407,puerto escondido,15.85,-97.0667,83.23,74,75,0.0,MX,1650850587
408,basingstoke,51.2625,-1.0871,45.48,86,6,8.05,GB,1650850587
409,saint-joseph,-21.3667,55.6167,73.78,75,96,13.73,RE,1650850589
410,waipawa,-41.4122,175.5153,57.65,60,62,1.52,NZ,1650850590
411,vieksniai,56.2333,22.5167,42.19,97,100,6.62,LT,1650850592
412,slave lake,55.2834,-114.769,58.98,29,40,14.97,CA,1650850593
413,guaruja,-23.9931,-46.2564,74.39,82,98,13.82,BR,1650850594
414,lasa,46.6166,10.7002,45.48,90,89,4.21,IT,1650850595
415,kavaratti,10.5669,72.642,84.15,70,27,1.79,IN,1650850596
416,petropavlovsk-kamchatskiy,53.0452,158.6483,41.59,52,75,20.13,RU,1650850503
417,griffith,41.5284,-87.4237,67.93,81,100,14.97,US,1650850597
418,adelaide,-34.9333,138.6,75.18,41,0,10.36,AU,1650850401
419,serebryansk,49.6925,83.2892,36.39,52,100,3.74,KZ,1650850598
420,ntcheu,-14.8203,34.6359,60.04,93,24,2.8,MW,1650850601
421,camargo,27.6667,-105.1667,81.01,8,0,14.18,MX,1650850602
422,jieshi,22.8134,115.8257,84.94,78,13,4.83,CN,1650850602
423,zharkent,44.1628,80.0,58.64,72,99,2.06,KZ,1650850603
424,salinas,36.6777,-121.6555,65.23,65,0,9.22,US,1650850604
425,asheville,35.6009,-82.554,61.66,82,0,2.75,US,1650850605
426,darasun,51.6667,114.0,38.03,22,100,9.98,RU,1650850607
427,paracuru,-3.41,-39.0306,78.12,88,100,9.71,BR,1650850607
428,chhindwara,22.0667,78.9333,88.59,15,0,10.54,IN,1650850608
429,santa ana,33.7456,-117.8678,87.82,20,0,16.11,US,1650850609
430,chateau-thierry,49.05,3.4,49.35,77,100,5.17,FR,1650850610
431,lloro,5.4961,-76.5495,73.78,98,100,2.15,CO,1650850610
432,damietta,31.4165,31.8133,66.09,82,0,6.96,EG,1650850611
433,bengkulu,-3.8004,102.2655,81.1,78,80,3.85,ID,1650850430
434,san andres,12.5847,-81.7006,78.82,83,40,5.75,CO,1650850612
435,hovd,48.0056,91.6419,27.93,31,50,1.66,MN,1650850613
436,khani,41.9563,42.9566,38.77,67,0,5.59,GE,1650850615
437,klaksvik,62.2266,-6.589,40.12,87,100,15.79,FO,1650850616
438,langenburg,49.2544,9.8458,47.84,93,100,6.91,DE,1650850616
439,vygonichi,53.0985,34.0673,42.91,100,12,4.47,RU,1650850617
440,atmakur,15.8833,78.5833,89.02,37,55,1.28,IN,1650850618
441,kafanchan,9.5833,8.3,70.72,86,40,3.18,NG,1650850618
442,dzaoudzi,-12.7887,45.2699,80.49,83,20,5.75,YT,1650850619
443,caldas novas,-17.7417,-48.625,69.57,63,0,3.96,BR,1650850619
444,luanda,-8.8368,13.2343,75.67,88,46,8.93,AO,1650850620
445,formosa,-26.1775,-58.1781,80.58,78,0,10.36,AR,1650850621
446,isangel,-19.55,169.2667,79.65,66,100,18.25,VU,1650850622
447,aloleng,16.1307,119.7824,86.27,66,37,5.5,PH,1650850623
448,rusape,-18.5278,32.1284,56.84,92,0,1.68,ZW,1650850624
449,sao jose da coroa grande,-8.8978,-35.1478,78.58,82,35,8.34,BR,1650850625
450,porto santo,33.072,-16.3415,62.98,88,75,9.22,PT,1650850626
451,seddon,-37.8068,144.8916,73.81,72,0,12.66,AU,1650850626
452,sao filipe,14.8961,-24.4956,73.96,75,10,3.65,CV,1650850627
453,matara,5.9485,80.5353,80.49,83,100,1.74,LK,1650850628
454,kidal,18.4411,1.4078,77.58,10,0,10.56,ML,1650850629
455,kargasok,59.0556,80.8572,33.6,79,100,9.82,RU,1650850629
456,smithers,54.7804,-127.1743,52.12,50,100,8.05,CA,1650850630
457,college,64.8569,-147.8028,52.12,33,75,6.91,US,1650850631
458,shache,38.4167,77.2406,72.72,22,85,18.59,CN,1650850632
459,nioro,13.35,-15.75,83.1,26,2,5.44,GM,1650850632
460,muhos,64.808,25.9931,28.18,85,53,3.06,FI,1650850633
461,karratha,-20.7377,116.8463,85.57,35,100,2.68,AU,1650850634
462,solnechnyy,50.7214,136.6319,32.74,91,100,3.74,RU,1650850634
463,grand gaube,-20.0064,57.6608,75.6,71,82,8.99,MU,1650850635
464,sibiti,-3.6819,13.3499,69.06,99,100,1.45,CG,1650850637
465,novo aripuana,-5.1206,-60.3797,74.7,96,60,2.95,BR,1650850637
466,katherine,-14.4667,132.2667,89.92,48,98,9.22,AU,1650850638
467,paamiut,61.994,-49.6678,29.68,96,100,10.18,GL,1650850639
468,ixtapa,20.7,-105.2,76.23,73,0,8.05,MX,1650850640
469,hutang,31.5333,119.4833,71.24,88,100,8.72,CN,1650850640
470,oranjemund,-28.55,16.4333,52.11,84,0,10.76,NA,1650850641
471,aldan,58.6031,125.3894,30.67,69,100,4.9,RU,1650850642
472,ponnampet,12.15,75.9333,72.63,85,29,1.63,IN,1650850642
473,niamey,13.5137,2.1098,91.69,8,100,12.66,NE,1650850643
474,nokaneng,-19.6667,22.2667,64.35,54,0,4.14,BW,1650850644
475,jasper,37.2001,-94.3502,56.01,93,100,3.44,US,1650850644
476,road town,18.4167,-64.6167,77.04,73,20,8.05,VG,1650850645
477,kijang,35.2442,129.2139,74.93,66,84,8.88,KR,1650850430
478,olinda,-8.0089,-34.8553,82.13,74,75,9.22,BR,1650850646
479,tomislavgrad,43.7181,17.2267,43.66,95,99,6.42,BA,1650850647
480,quatre cocos,-20.2078,57.7625,75.31,74,29,16.35,MU,1650850648
481,saint-ambroise,48.5501,-71.3324,43.34,45,100,8.05,CA,1650850649
482,madimba,-10.4,40.3333,75.96,90,83,3.76,TZ,1650850650
483,bubaque,11.2833,-15.8333,77.68,72,99,7.11,GW,1650850651
484,mana,5.6592,-53.7767,77.94,91,100,9.15,GF,1650850652
485,barcelos,41.5388,-8.6151,53.92,92,100,3.69,PT,1650850652
486,amalfi,6.9102,-75.0776,60.8,99,100,2.04,CO,1650850654
487,riyadh,24.6877,46.7219,71.74,57,100,6.24,SA,1650850654
488,dergaon,26.7,93.9667,75.67,70,28,7.2,IN,1650850655
489,oxapampa,-10.5775,-75.4017,60.35,97,100,2.39,PE,1650850656
490,salekhard,66.53,66.6019,6.04,83,18,1.12,RU,1650850656
491,pitimbu,-7.4706,-34.8086,77.59,83,51,8.21,BR,1650850657
492,oussouye,12.485,-16.5469,73.72,69,8,7.05,SN,1650850658
493,yasenskaya,46.3592,38.269,52.29,89,13,3.24,RU,1650850658
494,tshane,-24.0196,21.8684,61.12,35,100,11.36,BW,1650850659
495,sibolga,1.7427,98.7792,81.59,81,100,1.3,ID,1650850660
496,auckland,-36.8667,174.7667,66.22,77,40,9.22,NZ,1650850441
497,ilinskiy,55.619,38.1182,48.58,100,100,4.47,RU,1650850662
498,zhuanghe,39.7008,122.9911,53.31,90,100,11.99,CN,1650850663
499,coahuayana,18.7333,-103.6833,70.59,80,25,2.01,MX,1650850664
500,husavik,66.0449,-17.3389,41.79,90,100,1.57,IS,1650850665
501,linxia,35.6003,103.2064,60.39,45,54,0.81,CN,1650850665
502,abu samrah,35.3029,37.1841,67.53,41,0,7.92,SY,1650850667
503,zhigansk,66.7697,123.3711,18.27,88,93,8.05,RU,1650850668
504,weligama,5.9667,80.4167,80.62,81,100,1.05,LK,1650850668
505,nizwa,22.9333,57.5333,76.68,42,0,2.17,OM,1650850669
506,snezhnogorsk,69.1933,33.2531,33.58,99,100,4.85,RU,1650850670
507,hirakata,34.8135,135.6491,73.53,57,40,1.14,JP,1650850670
508,inta,66.0317,60.1659,23.68,95,89,7.23,RU,1650850671
509,alegrete,-29.7831,-55.7919,69.42,94,54,10.27,BR,1650850672
510,shinichi,34.55,133.2667,76.37,56,39,4.9,JP,1650850672
511,manaus,-3.1019,-60.025,79.29,94,0,3.44,BR,1650850673
512,lucapa,-8.4192,20.7447,65.08,95,81,2.06,AO,1650850674
513,banda aceh,5.5577,95.3222,83.91,70,100,2.13,ID,1650850612
514,chifeng,42.2683,118.9636,76.8,18,0,10.96,CN,1650850676
515,moose factory,51.2585,-80.6094,41.0,81,75,6.91,CA,1650850677
516,arroyo,41.6096,-4.7969,44.6,86,0,5.75,ES,1650850678
517,duku,11.2361,4.9073,84.22,60,99,8.3,NG,1650850679
518,cayenne,4.9333,-52.3333,81.09,1,20,1.14,GF,1650850444
519,lerwick,60.1545,-1.1494,46.4,88,25,19.42,GB,1650850680
520,aktash,50.3,87.7333,18.37,49,55,4.81,RU,1650850681
521,severo-yeniseyskiy,60.3725,93.0408,24.67,82,100,8.39,RU,1650850682
522,concordia,-31.393,-58.0209,73.78,90,75,15.99,AR,1650850682
523,dinguiraye,11.3,-10.7167,81.79,18,100,3.58,GN,1650850683
524,kawalu,-7.3817,108.2082,81.82,78,94,2.68,ID,1650850684
525,san jeronimo,-11.9472,-75.2829,48.83,82,96,3.18,PE,1650850686
526,pathein,16.7833,94.7333,88.52,58,92,7.58,MM,1650850687
527,rudbar,30.15,62.6,75.07,29,3,5.66,AF,1650850687
528,nantucket,41.2835,-70.0995,46.54,68,20,0.0,US,1650850688
529,tamiahua,21.2667,-97.45,77.58,88,0,15.46,MX,1650850690
530,komsomolets,53.7453,62.0708,44.2,43,100,6.89,KZ,1650850690
531,songjianghe,42.1859,127.479,67.98,41,21,10.54,CN,1650850691
532,kavieng,-2.5744,150.7967,84.51,70,100,7.65,PG,1650850692
533,kenai,60.5544,-151.2583,53.02,51,100,12.66,US,1650850692
534,batken,39.8333,71.0,45.3,68,52,1.16,KG,1650850693
535,pakxe,15.1167,105.7833,84.34,74,20,11.5,LA,1650850694
536,meulaboh,4.1363,96.1285,81.66,81,94,4.09,ID,1650850695
537,auchel,50.5034,2.4735,47.61,92,5,8.86,FR,1650850696
538,dong hoi,17.4833,106.6,86.85,65,6,5.5,VN,1650850673
539,kattivakkam,13.2167,80.3167,83.07,89,14,11.79,IN,1650850697
540,dauphin,51.1494,-100.0502,30.34,69,100,24.16,CA,1650850698
541,chamonix-mont-blanc,45.9238,6.8693,44.82,99,100,4.56,FR,1650850698
542,bandarbeyla,9.4942,50.8122,81.23,72,61,6.98,SO,1650850699
543,balabac,7.9868,117.0645,84.07,75,91,8.14,PH,1650850700
544,tilichiki,60.4667,166.1,29.21,89,100,19.71,RU,1650850700
545,surt,31.2089,16.5887,60.8,76,100,10.69,LY,1650850701
546,yumen,40.2833,97.2,55.96,46,52,18.77,CN,1650850703
547,llanes,43.4198,-4.7549,54.3,84,82,1.14,ES,1650850703
548,pokrovskoye,47.4157,38.8971,52.29,88,6,5.48,RU,1650850704
549,bathsheba,13.2167,-59.5167,79.41,78,40,20.71,BB,1650850705
550,camocim,-2.9022,-40.8411,76.48,89,100,7.34,BR,1650850705
551,jiuquan,39.7432,98.5174,57.15,43,0,8.79,CN,1650850416
552,tortoli,39.9256,9.6572,57.02,54,0,4.61,IT,1650850706
553,isla mujeres,21.2311,-86.731,80.65,79,11,15.19,MX,1650850708
554,miyoshi,35.0833,137.0667,75.85,66,50,3.18,JP,1650850709
555,sabang,5.8933,95.3214,83.48,74,100,5.23,ID,1650850710
556,chicama,-7.8447,-79.1469,59.54,83,77,6.24,PE,1650850710
557,huarmey,-10.0681,-78.1522,68.29,86,84,9.17,PE,1650850711
558,novaya zaimka,56.4857,66.9241,42.22,51,99,10.16,RU,1650850712
559,chekhov,55.1431,37.4711,48.15,98,75,4.5,RU,1650850712
560,cheyenne,41.14,-104.8203,39.52,34,0,20.71,US,1650850713
561,ferry pass,30.5102,-87.2125,72.72,93,0,5.79,US,1650850713
562,wanning,18.8003,110.3967,84.85,75,28,14.67,CN,1650850714
563,hambantota,6.1241,81.1185,77.34,100,75,4.61,LK,1650850715
564,sola,-13.8833,167.55,80.78,73,98,5.5,VU,1650850715
565,qujing,25.4833,103.7833,71.06,36,0,16.67,CN,1650850716
566,visnes,59.3556,5.2242,43.21,87,55,4.61,NO,1650850717
